vacancy_href,vacancy_href_parse_date
https://vc.ru/avito/864726-analitik-dannyh-v-napravlenie-incident-i-problem-menedzhment,03/10/2023 20:16:16
https://vc.ru/avito/864718-sre-inzhener-v-komandu-infrastructure,03/10/2023 20:16:16
https://vc.ru/avito/864712-menedzher-po-privlecheniyu-i-uderzhaniyu-klientov-v-komandu-avito-tovary,03/10/2023 20:16:16
https://vc.ru/avito/864706-starshiy-issledovatel,03/10/2023 20:16:16
https://vc.ru/s/eduson-academy-33021/852257-analitik-metodolog-v-otdel-kontenta,03/10/2023 20:16:16
https://vc.ru/ptsecurity/848213-pr-menedzher,03/10/2023 20:16:16
https://vc.ru/team/259370-middle-ios-razrabotchik-mnogopolzovatelskoy-platformy,03/10/2023 20:16:16
https://vc.ru/s/blagotvoritelnyy-fond-pomoshch-44249/732067-menedzher-sluzhby-podderzhki-fandrayzer,03/10/2023 20:16:16
https://vc.ru/s/sputnik8-16006/855170-project-manager,03/10/2023 20:16:16
https://vc.ru/s/gt-company-51887/856994-frontend-razrabotchik,03/10/2023 20:16:16
https://vc.ru/skillbox/840977-metodist-obrazovatelnyh-kursov-napravleniya-programmirovanie,03/10/2023 20:16:16
https://vc.ru/s/x-prom-support-32388/856805-programmist-c-c,03/10/2023 20:16:16
https://vc.ru/mts/855213-art-direktor-mts-muzyka,03/10/2023 20:16:16
https://vc.ru/s/tatikawear-97281/852079-direktor-po-marketingu-i-pr-proektno,03/10/2023 20:16:16
https://vc.ru/s/kinotv-42701/854747-graficheskiy-dizayner,03/10/2023 20:16:16
https://vc.ru/s/sok-60979/843061-product-manager-v-onlayn-brokeridzh-kovorkingi-ru,03/10/2023 20:16:16
https://vc.ru/s/evorentals-66462/854210-executive-personal-assistant,03/10/2023 20:16:16
https://vc.ru/s/evorentals-66462/854209-remote-manager-aparthotel-los-angeles,03/10/2023 20:16:16
https://vc.ru/s/apple-real-estate-73584/853955-agent-po-arende-nedvizhimosti,03/10/2023 20:16:16
https://vc.ru/s/arhitekton-40058/853905-vzlomshchik-mozgov-hr-psiholog,03/10/2023 20:16:16
https://vc.ru/s/tok-69412/853436-senior-prodyuser-konferencii-tok,03/10/2023 20:16:16
https://vc.ru/s/sunflower-66153/853416-smm-community-manager,03/10/2023 20:16:16
https://vc.ru/s/huntit-10779/853309-rukovoditel-otdela-prodazh,03/10/2023 20:16:16
https://vc.ru/s/huntit-10779/852170-project-manager,03/10/2023 20:16:16
https://vc.ru/s/move2armenia-32939/838733-menedzher-produkta-portala-move2armenia,03/10/2023 20:16:16
https://vc.ru/s/move2armenia-32939/838721-smm-menedzher-junior-middle,03/10/2023 20:16:16
https://vc.ru/s/appraise-68810/851904-senior-ui-ux-designer-produktovyy-dizayner,03/10/2023 20:16:16
https://vc.ru/mts/852174-ux-redaktor-moy-mts,03/10/2023 20:16:16
https://vc.ru/s/huntit-85738/852028-finansovyy-direktor-cfo,03/10/2023 20:16:16
https://vc.ru/s/logiclike-67503/852041-senior-product-manager,03/10/2023 20:16:16
https://vc.ru/team/837866-nochnoy-moderator-dtf,03/10/2023 20:16:16
https://vc.ru/s/eduson-academy-33021/846622-menedzher-po-rabote-s-klientami-v-edtech-kompaniyu,03/10/2023 20:16:16
https://vc.ru/s/welltory/846870-qa-engineer-v-mezhdunarodnyy-proekt-o-zdorove,03/10/2023 20:16:16
https://vc.ru/s/helpdeskeddy-30712/846072-menedzher-po-it-prodazham,03/10/2023 20:16:16
https://vc.ru/sber/844994-lider-gruppy-agile-komand-kreditnyy-potencial,03/10/2023 20:16:16
https://vc.ru/sber/844948-rukovoditel-proektov,03/10/2023 20:16:16
https://vc.ru/sber/844869-analitik-kanala-distancionnyh-klientskih-menedzherov-premialnogo-segmenta-b2c,03/10/2023 20:16:16
https://vc.ru/sber/844845-finansovyy-analitik-upravlenie-po-sdelkam-s-nestandartnym-riskom,03/10/2023 20:16:16
https://vc.ru/sber/844716-rukovoditel-proektov-po-sistemnomu-analizu,03/10/2023 20:16:16
https://vc.ru/sber/844629-m-a-yurist,03/10/2023 20:16:16
https://vc.ru/hcareers/844974-sales-menedzher-v-eych-navyki,03/10/2023 20:16:16
https://vc.ru/sber/718825-agile-coach,03/10/2023 20:16:16
https://vc.ru/s/resanta-99445/844815-marketolog-po-marketpleysam-wb-ozon,03/10/2023 20:16:16
https://vc.ru/s/roki-agency-2098/843936-senior-smm-specialist-v-agentstvo,03/10/2023 20:16:16
https://vc.ru/s/metalamp-31008/844411-redaktor-kopirayter,03/10/2023 20:16:16
https://vc.ru/s/level-one-21891/842875-hr-direktor-v-obrazovatelnyy-proekt,03/10/2023 20:16:16
https://vc.ru/s/earnpark-89549/841973-fullstack-engineer-middle-senior,03/10/2023 20:16:16
https://vc.ru/s/komita-59041/838570-java-razrabotchik,03/10/2023 20:16:16
https://vc.ru/s/adindex-96704/837139-menedzher-po-prodazham,03/10/2023 20:16:16
https://vc.ru/s/siberia-24185/835792-head-of-smm,03/10/2023 20:16:16
https://vc.ru/s/esprezo-94337/742553-scenarist-redaktor,03/10/2023 20:16:16
https://vc.ru/sber/832268-biznes-analitik-project-manager-na-novyy-proekt-samozanyatye,03/10/2023 20:16:16
https://vc.ru/sber/833064-sinhronnyy-perevodchik-kitayskiy-yazyk,03/10/2023 20:16:16
https://vc.ru/sber/833114-rukovoditel-yuridicheskogo-napravleniya-srochnye-rynki,03/10/2023 20:16:16
https://vc.ru/sber/833137-rukovoditel-proektov-yurist-po-sdelkam-m-a,03/10/2023 20:16:16
https://vc.ru/sber/833148-finansovyy-partner-islamskiy-banking,03/10/2023 20:16:16
https://vc.ru/s/lesta-games-12976/831833-affiliate-marketing-manager,03/10/2023 20:16:16
https://vc.ru/skillbox/817454-prodyuser-obrazovatelnyh-kursov-analiz-dannyh,03/10/2023 20:16:16
https://vc.ru/skillbox/816836-timlid-komandy-prodyuserov-obrazovatelnyh-kursov-na-fakultet-analiz-dannyh,03/10/2023 20:16:16
https://vc.ru/s/dviga-17719/828825-marketolog-kontent-marketolog,03/10/2023 20:16:16
https://vc.ru/avito/828246-prodakt-menedzher-v-komandu-avtorizacii,03/10/2023 20:16:16
https://vc.ru/avito/828271-key-account-manager-v-napravlenie-avito-aukcion,03/10/2023 20:16:16
https://vc.ru/s/doktor-marketing-46235/827946-specialist-po-kontekstnoy-reklame-direktolog-kontekstolog-internet-marketolog,03/10/2023 20:16:16
https://vc.ru/s/staraya-ferma-45282/812549-vedushchiy-treyd-marketolog,03/10/2023 20:16:16
https://vc.ru/s/kr-digital-28803/826704-zhurnalist-kopirayter-smm-menedzher,03/10/2023 20:16:16
https://vc.ru/s/wazzup-93023/825635-direktor-otdela-partnerskih-prodazh,03/10/2023 20:16:16
https://vc.ru/s/ip-rivkina-a-s-79582/824149-assistent-rukovoditelya,03/10/2023 20:16:16
https://vc.ru/s/timeless-21178/824293-redaktor,03/10/2023 20:16:16
https://vc.ru/s/beseed-29000/824370-project-manager-influence-manager,03/10/2023 20:16:16
https://vc.ru/s/coolbrew-31011/822258-glavnyy-buhgalter,03/10/2023 20:16:16
https://vc.ru/s/uae-consulting-com-51389/823854-rukovoditel-otdela-prodazh,03/10/2023 20:16:16
https://vc.ru/s/anyclass-tv-99999/819269-product-menedzher-po-vnedreniyu-ai-servisov,03/10/2023 20:16:16
https://vc.ru/s/dizayn-studiya-ceh-3862/822316-sales-director,03/10/2023 20:16:16
https://vc.ru/s/ooo-metr-klab-15037/822371-razrabotchik-php,03/10/2023 20:16:16
https://vc.ru/mts/822467-menedzher-po-rabote-s-programmatic-partnerami,03/10/2023 20:16:16
https://vc.ru/mts/822450-digital-buying-manager-v-mts-strim,03/10/2023 20:16:16
https://vc.ru/mts/822424-finansovyy-menedzher-v-mts-portal,03/10/2023 20:16:16
https://vc.ru/mts/822389-produktovyy-dizayner,03/10/2023 20:16:16
https://vc.ru/mts/822359-vedushchiy-kommunikacionnyy-dizayner-v-ugc-videoplatformu,03/10/2023 20:16:16
https://vc.ru/mts/822326-menedzher-it-proektov,03/10/2023 20:16:16
https://vc.ru/s/wollmer-53990/819305-vedushchiy-marketolog,03/10/2023 20:16:16
https://vc.ru/lamoda/818937-senior-data-engineer,03/10/2023 20:16:16
https://vc.ru/lamoda/818901-sistemnyy-analitik,03/10/2023 20:16:16
https://vc.ru/lamoda/818890-it-team-lead,03/10/2023 20:16:16
https://vc.ru/lamoda/818879-senior-qa-engineer-backend,03/10/2023 20:16:16
https://vc.ru/lamoda/818865-php-go-developer,03/10/2023 20:16:16
https://vc.ru/lamoda/818848-golang-developer,03/10/2023 20:16:16
https://vc.ru/s/ooo-organikalibra-54173/817355-menedzher-po-prodazham,03/10/2023 20:16:16
https://vc.ru/s/ooo-organikalibra-54173/817335-menedzher-po-zakupkam,03/10/2023 20:16:16
